{"cameraMode":{"drawMode":0,"name":"Shaded","section":"Shading Mode"},"sceneLighting":false,"audioPlay":false,"sceneViewState":{"showFog":false,"showMaterialUpdate":false,"showSkybox":false,"showFlares":false,"showImageEffects":false,"showParticleSystems":false},"in2DMode":false,"pivot":{"x":0.6399999856948853,"y":3.5299997329711916,"z":26.969999313354493},"rotation":{"x":-0.2176009863615036,"y":-0.23619423806667329,"z":0.05436282232403755,"w":-0.9454863667488098},"size":4.0416579246521,"orthographic":false}