{"cameraMode":{"drawMode":0,"name":"Shaded","section":"Shading Mode"},"sceneLighting":true,"audioPlay":false,"sceneViewState":{"showFog":false,"showMaterialUpdate":false,"showSkybox":false,"showFlares":false,"showImageEffects":false,"showParticleSystems":false},"in2DMode":false,"pivot":{"x":-2.598433017730713,"y":3.862229824066162,"z":0.16389456391334535},"rotation":{"x":-0.2176009863615036,"y":-0.23619423806667329,"z":0.05436282232403755,"w":-0.9454863667488098},"size":10.0,"orthographic":false}